BB_PORT_CO,BB_COUNTRY,BB_MAIN_EW,BB_PORT_NA,BB_PORT__1,CARGOHACA,CARGOHAE20,CARGOHAE40,CARGORORO,RAILACCESS,PRIV_PORT,BB_COMMENT,BB_COMME_1,LO_LOCODE,fid,id
P 01-14,Netherlands,E 01,"Maassluis (Nieuwe Waterweg, 1 018.7 km)","Maassluis (Nieuwe Waterweg, 1018,7 km)",0.5-3 Mt,Available,Available,Not available,Not available,No,,,NLMSL,"820","820"
P 10-41,France,E 10,"Ile Napoléon (Niffer-Mulhouse Canal, 37.6 km)","Ile Napoléon (Canal Niffer – Mulhouse, 37,6 km)",0.5-3 Mt,Not available,Not available,Not available,Available,No,"Oil products, minerals, fertilizers","Produits pétroliers, minéraux, engrais",,"53","53"
P 04-02,Belgium,E 04,"Beveren (Beneden Zeeschelde, 22.9 km)","Beveren (Beneden-Zeeschelde, 22,9 km)",No information,No information,No information,No information,No information,No,,,,"769","769"
P 01-09ter,Netherlands,E 01,"Meerlo/Wanssum (Maas, 133.0 km)","Meerlo/Wanssum (Maas, 133,0 km)",0.5-3 Mt,Available,Available,Not available,Not available,No,,,NLMEW,"753","753"
P 10-21,Germany,E 10,"Andernach  (Rhine, 612.0 km)","Andernach  (Rhin, 612,0 km)",0.5-3 Mt,Not available,Not available,Not available,Available,No,,,DEAND,"125","125"
P 01-09quater,Netherlands,E 01,"Gennep (Maas, 153.0 km)","Gennep (Maas, 153,0 km)",3-10 Mt,Not available,Not available,Not available,Not available,No,,,NLGEN,"829","829"
P 80-43,Hungary,E 80,"Szàzhalombatta (Danube, 1 618.7 km)","Szàzhalombatta (Danube, 1 618,7 km)",0.5-3 Mt,No information,No information,No information,No information,No,Oil products,Produits pétroliers,,"259","259"
P 20-04-01,Germany,E 20-04,"Halle-Trotha (Saale, 86.0 km)","Halle-Trotha (Saale, 86,0 km)",0.5-3 Mt,Not available,Not available,Not available,Not available,No,,,,"631","631"
P 80-32,Germany,E 80,"Deggendorf (Danube, 2 281.0–2 284.0 km)","Deggendorf (Danube, 2 281,0–2284,0 km)",0.5-3 Mt,Available,Available,Not available,Not available,Yes,,,,"225","225"
P 01-10ter,Netherlands,E 01,"Waalwijk (Bergsche Maas, 236.0 km)","Waalwijk (Bergsche Maas, 236,0 km)",0.5-3 Mt,Available,Available,Not available,Not available,No,,,NLWLK,"842","842"
P 04-05,Belgium,E 04,"Bruxelles (Bruxelles-Schelde Canal, 81.5 km)","Bruxelles (Canal Bruxelles-Escaut, 81,5 km)",No information,No information,No information,No information,No information,No,,,BEBRU,"174","174"
P 81-07,Slovakia,E 81,Dubnica (Váh),Dubnica (Váh),0.5-3 Mt,No information,No information,No information,No information,No,Port is planned,Port prévu,,"264","264"
P 80-17,Germany,E 80,"Frankfurt (Main, 22.0–29.0 km)","Frankfurt (Main, 22,0–29,0 km)",0.5-3 Mt,Available,Available,Not available,Available,Yes,,,,"180","180"
P 80-08,Luxembourg,E 80,"Mertert (Moselle, 208.0 km)","Mertert (Moselle, 208,0 km)",0.5-3 Mt,Not available,Not available,Not available,Available,No,"Oil products, wood shavings, construction materials, coal, agricultural products/fertilizers","Produits pétroliers, copeaux de bois, matériaux de construction, charbon, produits agricoles/engrais",,"111","111"
P 80-27,Germany,E 80,"Schweinfurt (Main, 330.0 km)","Schweinfurt (Main, 330,0 km)",No information,Not available,Not available,Not available,Available,No,,,,"213","213"
P 91-03-04,Italy,E 91-03,"Verona Legnago (Mantova-Adriatic Sea Canal,  65.0 km)","Verona Legnago (Canal Mantova – mer Adriatique, 65,0 km)",0.5-3 Mt,No information,No information,No information,No information,No,,,,"384","384"
P 91-04bis,Italy,E 91,Cremona-Casalmaggiore (Po),Cremona-Casalmaggiore (Pô),0.5-3 Mt,No information,No information,No information,No information,No,,,,"380","380"
P 80-51,Romania,E 80,"Turnu Severin (Danube, 931.0 km)","Turnu Severin (Danube, 931,0 km)",0.5-3 Mt,Not available,Not available,Available,Available,No,,,,"321","321"
P 01-06,Netherlands,E 01,"Stein (Maas, 21.9 km)","Stein (Maas, 21,9 km)",0.5-3 Mt,Available,Available,Not available,Available,No,,,NLSTI,"751","751"
P 10-11,Germany,E 10,"Homberg, Sachtleben (Rhine, 774.0 km)","Homberg, Sachtleben (Rhin, 774,0 km)",>10 Mt,Available,Available,Available,Available,Yes,,,DEHBO,"783","783"
P 10-43,France,E 10,"Pagny  (Saône, 192.75 km)","Pagny  (Saône, 192,75 km)",0.5-3 Mt,Available,Available,Available,Not available,No,,,,"43","43"
P 80-07,France,E 80,"Thionville-Illange (Moselle, 271.9–270.1 km)","Thionville-Illange (Moselle, 271,9–270,1 km)",0.5-3 Mt,Available,Available,Not available,Not available,No,,,,"106","106"
P 40-08,Ukraine,E 40,"Dniprodzerzhynsk (Dnipro, 429.0 km)","Dniprodzerzhynsk (Dnipro, 429,0 km)",3-10 Mt,Not available,Not available,Not available,Available,No,Bulk and general cargo,Marchandises diverses et en vrac,UADZK,"435","435"
P 91-03-02,Italy,E 91-03,Mantova Roncoferraro/Governolo (Mantova-Adriatic Sea Canal),Mantova Roncoferraro/Governolo (Canal Mantova – mer Adriatique),0.5-3 Mt,No information,No information,No information,No information,No,,,,"382","382"
P 90-03-02,Moldova,E 90-03,"Bender (Nistru, 228.0 km)","Bender (Nistru, 228,0 km)",0.5-3 Mt,Not available,Not available,Not available,Available,No,Dry bulk and general cargoes,Vrac sec et marchandises diverses,,"4","4"
P 10-05-01,Germany,E 10-05,"Mühlheim (Ruhr, 8.0 km)","Mühlheim (Ruhr, 8,0 km)",0.5-3 Mt,Available,Available,No information,No information,No,,,DEMUH,"784","784"
P 01-08,Netherlands,E 01,"Maasbracht (Maas, 41.8 km)","Maasbracht (Maas, 41,8 km)",0.5-3 Mt,Not available,Not available,Not available,Available,No,,,NLMSB,"747","747"
P 80-49,Serbia,E 80,"Smederevo (Danube, 1 116.3 km)","Smederevo (Danube, 1116,3 km)",0.5-3 Mt,No information,No information,No information,Available,No,,,RSSMO ,"313","313"
P 11-04,Netherlands,E 11,"Utrecht (Amsterdam-Rijnkanaal, 35.0 km)","Utrecht (Amsterdam-Rijnkanaal, 35,0 km)",3-10 Mt,Available,Available,Not available,Available,No,,,NLUTC,"821","821"
P 40-02-01,Ukraine,E 40-02,"Mykolaiv, river port (Pivdenny Buh, 40.0 km)","Mykolaiv, port fluvial (Pivdenny Buh, 40,0 km)",0.5-3 Mt,No information,No information,No information,No information,No,"Cereals, scrap, minerals","Céréales, ferraille, minéraux",UAZUA,"373","373"
P 80-47bis,Serbia,E 80,"Backa Palanka (Danube, 1 295.0 km)","Backa Palanka (Danube, 1295,0 km)",0.5-3 Mt,Available,No information,No information,Available,No,,,RSBPA ,"280","280"
P 10-10,Germany,E 10,"Schwelgern  (Rhine, 790.0 km)","Schwelgern  (Rhin, 790,0 km)",>10 Mt,No information,No information,No information,No information,Yes,,,,"783","783"
P 80-36,Austria,E 80,"Krems (Danube, 1998.0 km)","Krems (Danube, 1 998,0 km)",0.5-3 Mt,Available,Not available,Not available,Available,No,All cargoes but oil and oil products,Toutes marchandises sauf pétrole et produits pétroliers,,"237","237"
P 01-09quinqies,Netherlands,E 01,"Cuijk (Maas, 167.0 km)","Cuijk (Maas, 167,0 km)",3-10 Mt,Not available,Not available,Not available,Not available,No,,,NLCUY,"829","829"
P 14-04,Germany,E 14,"Bremen (Weser, 4.0–8.0 km)","Bremen (Weser, 4,0–8,0 km)",3-10 Mt,Available,Available,Available,Available,No,,,DEBRE,"692","692"
P 10-30,Germany,E 10,"Ludwigshafen  (Rhine, 420.0 km)","Ludwigshafen  (Rhin, 420,0 km)",3-10 Mt,Available,Available,Available,Available,No,,,DELUH,"201","201"
P 10-09,Germany,E 10,"Walsum-Sud  (Rhine, 791.0 km)","Walsum-Sud  (Rhin, 791,0 km)",0.5-3 Mt,No information,No information,No information,No information,Yes,,,,"785","785"
P 10-03-05,Germany,E 10-03,"Wanne-Eickel (Rhein-Herne Kanal, 32.0 km)","Wanne-Eickel (Rhein-Herne Kanal, 32,0 km)",0.5-3 Mt,No information,No information,No information,Available,No,,,,"779","779"
P 14-03,Germany,E 14,"Brake (Weser, 41.0 km)","Brake (Weser, 41,0 km)",0.5-3 Mt,Available,Available,Not available,Available,No,,,DEBKE,"695","695"
P 81-04,Slovakia,E 81,Pieštany (Váh),Pieštany (Váh),0.5-3 Mt,No information,No information,No information,No information,No,Port is planned,Port prévu,,"251","251"
P 05-06,Belgium,E 05,"Genk (Albertkanaal, 42.9 km)","Genk (Canal Albert, 42,9 km)",0.5-3 Mt,No information,No information,No information,No information,No,,,BEGNK,"739","739"
P 10-04,Germany,E 10,"Emmerich  (Rhine, 852.0 km)","Emmerich  (Rhin, 852,0 km)",0.5-3 Mt,No information,No information,No information,Available,No,,,DEEMM,"830","830"
P 70-05,Germany,E 70,"Hannover (Mittellandkanal, 155.0–159.0 km)","Hannover (Mittellandkanal, 155,0–159,0 km)",0.5-3 Mt,Available,Available,Not available,Available,No,,,,"686","686"
P 70-14,Germany,E 70,"Spandau South Harbour (Untere Havel-Wasserstraße, 2.0 km)","Port de Spandau-Sud (Untere Havel-Wasserstraße, 2,0 km)",0.5-3 Mt,Not available,Not available,Not available,Available,No,,,,"601","601"
P 10-22,Germany,E 10,"Neuwied  (Rhine, 606.0 km)","Neuwied  (Rhin, 606,0 km)",No information,Not available,Not available,Not available,Available,No,,,,"125","125"
P 70-10-05,Germany,E 70-10,"(Westhafenkanal, 3.0 km)","Westhafen Berlin (Westhafenkanal, 3,0 km)",No information,Not available,Not available,Not available,Available,No,,,DEBER,"602","602"
P 70-03,Germany,E 70,"Ibbenbüren (Mittellandkanal, 5.0 km)","Ibbenbüren (Mittellandkanal, 5,0 km)",0.5-3 Mt,Not available,Not available,Not available,Available,No,,,,"711","711"
P 40-01-01,Ukraine,E 40-01,"Chernihiv (Desna, 194.5 km)","Chernihiv (Desna, 194,5 km)",3-10 Mt,Not available,Not available,Not available,Available,No,General and bulk cargo,Marchandises diverses et en vrac,UAZUQ,"461","461"
P 41-04,Lithuania,E 41,"Kaunas (Nemunas, 209.0 km)","Kaunas (Nemunas, 209,0 km)",0.5-3 Mt,Not available,Not available,Not available,Available,No,,,,"555","555"
P 14-02,Germany,E 14,"Nordenham (Weser, 54.0–64.0 km)","Nordenham (Weser, 54,0–64,0 km)",0.5-3 Mt,Available,Available,Not available,Available,No,,,DENHA,"693","693"
P 15-06,Germany,E 15,"Oldenburg (Hunte, 0.0–5.0 km)","Oldenburg (Hunte, 0,0–5,0 km)",0.5-3 Mt,Not available,Not available,Not available,Available,Yes,,,DEOLO,"698","698"
P 91-03-01,Italy,E 91-03,"Mantova (Valdaro and private ports) (Mantova-Adriatic Sea Canal, 0.0 km and Mantova Lakes)","Mantova (Valdaro et ports privés) (Canal Mantova-mer Adriatique, 0,0 km et lacs de Mantova)",3-10 Mt,Available,Available,No information,Available,No,,,,"382","382"
P 01-05,Netherlands,E 1,"Maastricht (Maas, 4.5 km)","Maastricht (Maas, 4,5 km)",0.5-3 Mt,Not available,Not available,Not available,Available,No,,,NLMST,"746","746"
P 80-04-01,France,E 80-04,"Montereau (Seine, 67.4 km)","Montereau (Seine, 67,4 km) Nanterre (Seine, 39,4 km)",0.5-3 Mt,Available,Available,Available,Available,No,2013 project: containers,Projet 2013 : conteneurs,,"915","915"
P 10-08,Germany,E 10,"Walsum-Nordhafen (Rhine, 793.0 km)","Walsum-Nordhafen (Rhin, 793,0 km)",0.5-3 Mt,No information,No information,No information,No information,Yes,,,DEWLM,"785","785"
P 10-40,France,E 10,"Fort Louis Stattmatten (Grand Canal d'Alsace, 322.0 km)","Fort Louis Stattmatten (Grand Canal d'Alsace, 322,0 km)",0.5-3 Mt,No information,No information,No information,No information,No,,,,"196","196"
P 80-47,Croatia,E 80,"Vukovar (Danube, 1 333.1 km)","Vukovar (Danube, 1333,1 km)",0.5-3 Mt,Available,Available,Not available,Available,No,,,,"279","279"
P 91-02-02,Italy,E 91-02,"Pavia (Po, 98.0 km from Conca di Cremona)","Pavia (Pô, 98,0 km depuis Conca di Cremona)",No information,No information,No information,No information,No information,No,Construction foreseen,Construction prévue,,"7","7"
P 70-10-04,Germany,E 70-10,"Charlottenburg Power Station (Spree, 8.0 km)","Centrale électrique de Charlottenburg (Spree, 8,0 km)",No information,Not available,Not available,Not available,Not available,No,,,,"601","601"
P 01-01-01,Belgium,E 01-01,"Overpelt (Kanaal Bocholt-Herentals, 14.8 km)","Overpelt (Kanaal Bocholt-Herentals, 14,8 km)",No information,No information,No information,No information,No information,No,,,,"743","743"
P 70-13,Germany,E 70,"Deponie Deetz (Untere Havel-Wasserstraße, 40.0 km)","Deponie Deetz (Untere Havel-Wasserstraße, 40,0 km)",0.5-3 Mt,Not available,Not available,Not available,Available,Yes,,,,"595","595"
P 91-06-01,Italy,E 91-06,"Porto Tolle (Po Grande, 260.0 km from Milano Terminale)","Porto Tolle (Pô Grande, 260,0 km depuis le Milano Terminale)",No information,No information,No information,No information,No information,No,Construction foreseen,Construction prévue,,"395","395"
P 14-01,Germany,E 14,"Bremerhaven (Weser, 66.0–68.0 km)","Bremerhafen (Weser, 66,0–68,0 km)",0.5-3 Mt,Available,Available,Available,Available,No,,,DEBRV,"693","693"
P 80-04-01,France,E 80-04,"Limay-Porcheville (Seine, 109.0 km)","Limay-Porcheville (Seine, 109,0 km) Montereau (Seine, 67,4 km)",0.5-3 Mt,Available,Available,Available,Available,No,"Construction materials, bulk cargo, metallurgy (ore, coils)","Matériaux de construction, vrac, métallurgie (minerai, bobines)",FRLMY,"86","86"
P 03-04,Belgium,E 03,"Gent (Gent-Terneuzen Canal, 4.6 km)","Gent (Canal Gent-Terneuzen, 4,6 km)",No information,No information,No information,No information,No information,No,,,BEGNE,"756","756"
P 15-05,Germany,E 15,"Leer (Ems, 14.0 km)","Leer (Ems, 14,0 km)",No information,Not available,Not available,Not available,Available,No,,,DELEE,"721","721"
P 80-58bis,Bulgaria,E 80,"Silistra (Danube, 375.5 km)","Silistra (Danube, 375,5 km)",0.5-3 Mt,Not available,Not available,Available,Available,No,,,BGSLS,"343","343"
P 20-06-01,Czech Republic,E 20-06,"Mirejovice (Vltava, 18.9 km)","Mirejovice (Vltava, 18,9 km)",0.5-3 Mt,Not available,Not available,Available,Not available,No,,,,"614","614"
P 40-07bis,Ukraine,E 40,"Poltava Ore Mining and Processing Enterprise (Dnipro, 521.0 km)","Poltava, entreprise d'extraction et de traitement de minerai (Dnipro, 521,0 km)",3-10 Mt,Not available,Not available,Not available,Available,No,"Ore, minerals","Minerai, autres minéraux",UAPLV,"440","440"
P 41-03,Lithuania,E 41,"Uostadvaris (Nemunas, 61.3 km)","Uostadvaris (Nemunas, 61,3 km)",No information,No information,No information,No information,No information,No,The distance to Lithuanian ports is measured from the Klaipeda sea port.,La distance à laquelle se situent les ports lituaniens est calculée à partir du port maritime de Klaipeda.,,"546","546"
P 10-03,Netherlands,E 10,"Tiel (Waal, 914.6 km)","Tiel (Waal, 914,6 km)",0.5-3 Mt,Not available,Not available,Available,Not available,No,,,NLTIE,"846","846"
P 80-04-01,France,E 80-04,"Melun (Seine, 110.0 km)","Melun (Seine, 110,0 km) Limay-Porcheville (Seine, 109,0 km)",0.5-3 Mt,No information,No information,No information,No information,No,,,,"90","90"
P 91-06,Italy,E 91,"Ferrara (Po, 200.0 km from Milano Terminale)","Ferrara (Pô, 200,0 km depuis le Milano Terminale)",No information,No information,No information,No information,No information,No,,,,"387","387"
P 11-02bis,Netherlands,E 11,"Beverwijk (Noordzeekanaal, 4.5 km)","Beverwijk (Noordzeekanaal, 4,5 km)",0.5-3 Mt,Available,Available,Not available,Not available,No,,,NLBEV,"819","819"
P 80-58,Romania,E 80,"Oltenita (Danube, 430.0 km)","Oltenita (Danube, 430,0 km)",0.5-3 Mt,Not available,Not available,Available,Available,No,,,,"340","340"
P 80-24,Germany,E 80,"Triefenstein (Main, 173.0 km)","Triefenstein (Main, 173,0 km)",0.5-3 Mt,Not available,Not available,Not available,Not available,Yes,,,,"206","206"
P 80-48bis,Serbia,E 80,"Pancevo (Danube, 1 152.8 km)","Pancevo (Danube, 1152,8 km)",0.5-3 Mt,Available,No information,No information,Available,No,,,RSPYJ ,"312","312"
P 10-20,Germany,E 10,"Bonn  (Rhine, 658.0 km)","Bonn  (Rhin, 658,0 km)",0.5-3 Mt,Available,Available,Not available,Not available,No,,,,"128","128"
P 70-12,Germany,E 70,"Brandenburg (Untere Havel-Wasserstraße, 57.0 km)","Brandenburg (Untere Havel-Wasserstraße, 57,0 km)",0.5-3 Mt,Not available,Not available,Not available,Not available,No,Gravel works,Ouvrages en gravier,,"956","956"
P 70-10-02,Germany,E 70-10,"Nonnendamm (Spree, 2.0 km)","Nonnendamm (Spree, 2,0 km)",0.5-3 Mt,Not available,Not available,Not available,Available,No,,,,"601","601"
P 81-03,Slovakia,E 81,Hlohovec (Váh),Hlohovec (Váh),0.5-3 Mt,No information,No information,No information,No information,No,Port is planned,Port prévu,,"250","250"
P 80-01-02,Serbia,E 80-01,"Senta (Tisza, 122.0 km)","Senta (Tisza, 122,0 km)",0.5-3 Mt,Available,No information,No information,Available,No,,,RSSEN ,"311","311"
P 71-06-01,Germany,E 71-06,"Niederlehme (Dahme-Wasserstraße, 8.0 km)","Niederlehme (Dahme-Wasserstraße, 8,0 km)",No information,Not available,Not available,Not available,Not available,Yes,,,,"603","603"
P 40-07,Ukraine,E 40,"Kremenchuk (Dnipro, 541.0 km)","Kremenchuk (Dnipro, 541,0 km)",>10 Mt,Available,Not available,Not available,Available,No,Bulk and general cargo,Marchandises diverses et en vrac,UAKRE,"442","442"
P 80-04-01,France,E 80-04,"Evry (Seine, 137.8 km)","Evry (Seine, 137,8 km) Melun (Seine, 110,0 km)",0.5-3 Mt,Available,Available,Available,Available,No,"Construction materials, bulk cargo, metallurgy (ore, coils)","Matériaux de construction, vrac, métallurgie (minerai, bobines)",FREVR,"89","89"
P 80-57,Romania,E 80,"Giurgiu (Danube, 493.0 km)","Giurgiu (Danube, 493,0 km)",0.5-3 Mt,Not available,Not available,Available,Available,No,,,ROGRG,"338","338"
P 80-04-01,France,E 80-04,"Gennevilliers (Seine, 194.7 km)","Gennevilliers (Seine, 194,7 km) Bonneuil-Vigneux (Seine, 169,7 km)",>10 Mt,Available,Available,Available,Not available,No,"Construction materials, bulk cargo, metallurgy (ore, coils)","Matériaux de construction, vrac, métallurgie (minerai, bobines)",FRGVL,"88","88"
P 80-04-01,France,E 80-04,"Bonneuil-Vigneux (Seine, 169.7 km)","Bonneuil-Vigneux (Seine, 169,7 km) Evry (Seine, 137,8 km)",0.5-3 Mt,Available,Available,Not available,Not available,No,"Construction materials, bulk cargo, metallurgy (ore, coils)","Matériaux de construction, vrac, métallurgie (minerai, bobines)",,"897","897"
P 12-04,Netherlands,E 12,"Kampen (Geldersche IJssel, 106.8 km)","Kampen (Geldersche IJssel, 106,8 km)",0.5-3 Mt,Not available,Not available,Not available,Not available,No,,,NLKAM,"818","818"
P 91-02-01,Italy,E 91-02,"Piacenza (Po, 35.0 km from Conca di Cremona)","Piacenza (Pô, 35,0 km depuis Conca di Cremona)",0.5-3 Mt,No information,No information,No information,No information,No,,,,"8","8"
P 70-01ter,Netherlands,E 70,"Hengelo (Twentekanaal, 45.1 km)","Hengelo (Twentekanaal, 45,1 km)",3-10 Mt,Available,Available,Not available,Available,No,,,NLHGL,"793","793"
P 81-02,Slovakia,E 81,Sered (Váh),Sered’ (Váh),0.5-3 Mt,No information,No information,No information,No information,No,Port is planned,Port prévu,,"252","252"
P 80-04-01,France,E 80-04,Autonomous port of Paris,"Port autonome de Paris :  Gennevilliers (Seine, 194,7 km)",>10 Mt,Available,Available,Available,No information,No,"Agricultural products, fuels","Produits agricoles, combustibles",FRPAR,"88","88"
P 80-46bis,Serbia,E 80,"Apatin (Danube, 1 401.5 km)","Apatin (Danube, 1401,5 km)",0.5-3 Mt,No information,No information,No information,No information,No,,,RSAPT ,"278","278"
P 10-29,Germany,E 10,"Mannheim  (Rhine, 424.0 km)","Mannheim  (Rhin, 424,0 km)",3-10 Mt,Available,Available,Available,Available,No,,,DEMHG,"201","201"
P 80-46,Hungary,E 80,"Baja (Danube, 1 480.0 km)","Baja (Danube, 1480,0 km)",0.5-3 Mt,Available,No information,No information,Available,No,,,,"273","273"
P 80-23,Germany,E 80,"Aschaffenburg (Main, 83.0 km)","Aschaffenburg (Main, 83,0 km)",0.5-3 Mt,Available,Not available,Not available,Available,No,,,,"182","182"
P 10-39,France,E 10,"Mulhouse-Ottmarsheim (Grand Canal d'Alsace, 21.0 km)","Mulhouse-Ottmarsheim (Grand Canal d'Alsace, 21,0 km)",3-10 Mt,Available,Available,Not available,Available,No,"Minerals, agricultural products, metallurgical products and chemicals","Minéraux, produits agricoles, métallurgiques  et chimiques",,"55","55"
P 10-01-03,Germany,E 10-01,"Auguste Victoria  (Wesel-Datteln Kanal, 39.0 km)","Auguste Victoria  (Wesel-Datteln Kanal, 39,0 km)",0.5-3 Mt,No information,No information,No information,No information,Yes,,,,"781","781"
P 80-45,Hungary,E 80,"Dunaföldvàr (Danube, 1 563.0 km)","Dunaföldvàr (Danube, 1563,0 km)",0.5-3 Mt,No information,No information,No information,No information,No,Oil products,Produits pétroliers,,"270","270"
P 91-05ter,Italy,E 91,Mantova Revere (Po),Mantova Revere (Pô),0.5-3 Mt,Available,No information,No information,No information,No,,,,"383","383"
P 80-01-01,Hungary,E 80-01,"Szeged (Tisza, 170.0 km)","Szeged (Tisza, 170,0 km)",0.5-3 Mt,No information,No information,No information,Available,No,,,,"311","311"
P 10-33,Germany,E 10,"Wörth  (Rhine, 366.0 km)","Wörth  (Rhin, 366,0 km)",0.5-3 Mt,Available,Available,Not available,Available,No,,,DEWOE,"124","124"
P 70-11,Germany,E 70,"Brandenburg (Untere Havel-Wasserstraße, 60.0 km)","Brandenburg (Untere Havel-Wasserstraße, 60,0 km)",0.5-3 Mt,Not available,Not available,Not available,Not available,Yes,,,,"956","956"
P 10-03-01,Germany,E 10-03,"Essen (Rhein-Herne Kanal, 16.0 km)","Essen (Rhein-Herne Kanal, 16,0 km)",0.5-3 Mt,No information,No information,No information,Available,No,,,,"780","780"
P 80-22,Germany,E 80,"Stockstadt (Main, 82.0 km)","Stockstadt (Main, 82,0 km)",0.5-3 Mt,Available,Not available,Not available,Available,No,,,,"182","182"
P 80-33,Austria,E 80,"Linz (Danube, 2 128.2–2 130.6 km)","Linz (Danube, 2 128,2–2 130,6 km)",0.5-3 Mt,Available,Available,Available,Available,No,All cargoes,Toutes marchandises,,"231","231"
P 03-01,Netherlands,E 03,"Moerdijk (Hollands Diep, 986.0 km)","Moerdijk (Hollands Diep, 986,0 km)",>10 Mt,Available,Available,Available,Available,No,,,NLMOE,"843","843"
P 80-06-01,Germany,E 80-06,"Dillingen (Saar, 59.0 km)","Dillingen (Saar, 59,0 km)",3-10 Mt,Available,Available,Available,Available,No,,,,"109","109"
P 70-09,Germany,E 70,"Haldensleben (Mittellandkanal, 301.0 km)","Haldensleben (Mittellandkanal, 301,0 km)",0.5-3 Mt,Not available,Not available,Not available,Available,No,,,,"645","645"
P 10-01-02,Germany,E 10-01,"Marl Hüls-AG  (Wesel-Datteln Kanal, 38.0 km)","Marl Hüls-AG  (Wesel-Datteln Kanal, 38,0 km)",3-10 Mt,No information,No information,No information,Available,Yes,,,,"781","781"
P 80-55,Bulgaria,E 80,"Svistov (Danube, 554.0 km)","Svistov (Danube, 554,0 km)",0.5-3 Mt,Not available,Not available,Not available,Available,No,,,BGSVI,"335","335"
P 70-10,Germany,E 70,"Niegripp (Elbe-Havel-Kanal, 330.0 km)","Niegripp (Elbe-Havel-Kanal, 330,0 km)",0.5-3 Mt,Not available,Not available,Not available,Not available,Yes,,,,"640","640"
P 60-12-01,Netherlands,E 60-12,Delfzijl (Waddenzee),Delfzijl (Waddenzee),3-10 Mt,Available,Available,Available,Available,No,,,NLDZL,"725","725"
P 70-08-01,Germany,E 70-08,"Salzgitter (Stichkanal, 15.0 km)","Salzgitter (Stichkanal, 15,0 km)",0.5-3 Mt,Available,Not available,Not available,Available,No,,,DESAR,"679","679"
P 15-03,Netherlands,E 15,"Groningen (Van Starkenborghkanaal, 7.0 km)","Groningen (Van Starkenborghkanaal, 7,0 km)",0.5-3 Mt,Not available,Not available,Not available,Available,No,,,NLGRQ,"727","727"
P 10-02ter,Netherlands,E 10,"Zaltbommel (Waal, 935.0 km)","Zaltbommel (Waal, 935.0 km)",0.5-3 Mt,Not available,Not available,Not available,Not available,No,,,,"849","849"
P 10-34,Germany,E 10,"Karlsruhe (Rhine, 360.0 km)","Karlsruhe (Rhin, 360,0 km)",No information,Available,Available,Available,Available,No,,,DEKAE,"124","124"
P 80-54,Romania,E 80,"Turnu Magurele (Danube, 597.0 km)","Turnu Magurele (Danube, 597,0 km)",0.5-3 Mt,Not available,Not available,Not available,Available,No,,,,"334","334"
P 80-64,Romania,E 80,"Tulcea (Danube, 34.0 Mm-42.0 Mm)","Tulcea (Danube, 34,0 Mm – 42,0 Mm)",0.5-3 Mt,Not available,Not available,Not available,Available,No,,,ROTCE,"357","357"
P 80-14,Germany,E 80,"Raunheim (Main, 14.0 km)","Raunheim (Main, 14,0 km)",0.5-3 Mt,Not available,Not available,Not available,Not available,Yes,,,,"203","203"
P 70-06-01,Germany,E 70-06,"Hildesheim (Stichkanal, 15.0 km)","Hildesheim (Stichkanal, 15,0 km)",No information,Not available,Not available,Not available,Available,No,,,,"647","647"
P 11-02,Netherlands,E 11,"Zaanstad (Zaan, 1.4 km)","Zaanstad (Zaan, 1,4 km)",3-10 Mt,Available,Available,Not available,Available,No,,,NLZAA,"819","819"
P 80-15,Germany,E 80,"Hattersheim (Main, 17.0 km)","Hattersheim (Main, 17,0 km)",0.5-3 Mt,Not available,Not available,Not available,Not available,Yes,,,,"203","203"
P 03-02,Netherlands,E 03,"Terneuzen (Gent-Terneuzen Canal, 32.5 km)","Terneuzen (Canal Gent-Terneuzen, 32,5 km)",>10 Mt,Available,Available,Available,Available,No,,,NLTNZ,"758","758"
P 80-48,Serbia,E 80,"Beograd (Danube, 1 170.0 km)","Beograd (Danube, 1170,0 km)",0.5-3 Mt,Available,Available,No information,Available,No,,,RSBEG,"312","312"
P 13-03,Germany,E 13,"Dortmund (Dortmund-Ems-Kanal, 1.0 km)","Dortmund (Dortmund-Ems Kanal, 1,0 km)",0.5-3 Mt,Available,Available,No information,Available,No,,,DEDTM,"777","777"
P 70-01bis,Netherlands,E 70,"Lochem (Twentekanaal, 15.5 km)","Lochem (Twentekanaal, 15,5 km)",0.5-3 Mt,Not available,Not available,Not available,Not available,No,,,NLLCH,"814","814"
P 12-03,Netherlands,E 12,"Zwolle (IJssel, 980.7 km)","Zwolle (IJssel, 980,7 km)",0.5-3 Mt,Not available,Not available,Not available,Not available,No,,,NLZWO,"811","811"
P 70-01,Netherlands,E 70,"Wageningen (Neder-Rijn, 903.2 km)","Wageningen (Neder-Rijn, 903,2 km)",0.5-3 Mt,Not available,Not available,Not available,Not available,No,,,NLWGW,"834","834"
P 81-01,Slovakia,E 81,Šala (Váh),Šala (Váh),0.5-3 Mt,No information,No information,No information,Available,No,Port is planned,Port prévu,,"253","253"
P 10-02,Netherlands,E 10,"Alblasserdam (Noord, 981.1 km)","Alblasserdam (Noord, 981,1 km)",0.5-3 Mt,Available,Available,Not available,Not available,No,,,NLABL,"825","825"
P 15-02ter,Netherlands,E 15,"Zuidhorn (Van Starckenborghkanaal, 15.0 km)","Zuidhorn (Van Starkenborghkanaal, 15,0 km)",0.5-3 Mt,Not available,Not available,Not available,Not available,No,,,,"789","789"
P 10-02bis,Netherlands,E 10,"Gorinchem (Merwede, 956.0 km)","Gorinchem (Merwede, 956.0 km)",0.5-3 Mt,Available,Available,Not available,Not available,No,,,NLGOR,"849","849"
P 80-04-01,France,E 80-04,"Lagny (Marne, 149.8 km)","Lagny (Marne, 149,8 km)",0.5-3 Mt,Available,Available,Not available,Not available,No,Containers: project,Conteneurs : en projet,,"899","899"
P 81-09,Slovakia,E 81,Považská Bystrica (Váh),Považská Bystrica (Váh),0.5-3 Mt,No information,No information,No information,No information,No,Port is planned,Port prévu,,"265","265"
P 80-13,Germany,E 80,"Flörsheim (Main, 9.0 km)","Flörsheim (Main, 9,0 km)",0.5-3 Mt,Not available,Not available,Not available,Not available,Yes,,,,"203","203"
P 40-11,Ukraine,E 40,"Nova Kakhovka (Dnipro, 96.0 km)","Nova Kakhovka (Dnipro, 96,0 km)",0.5-3 Mt,Not available,Not available,Not available,Not available,No,Bulk and general cargo,Marchandises diverses et en vrac,UAZUR,"422","422"
P 10-28,Germany,E 10,"Worms  (Rhine, 444.0 km)","Worms  (Rhin, 444,0 km)",0.5-3 Mt,Not available,Not available,Not available,Available,No,,,,"193","193"
P 11-01,Netherlands,E 11,"IJmond (Noordzeekanaal, 4.7 km)","IJmond (Noordzeekanaal, 4,7 km)",>10 Mt,Available,Available,Available,Available,No,,,NLIJM,"819","819"
P 05-05,Belgium,E 05,"Hasselt (Albertkanaal, 51.5 km)","Hasselt (Canal Albert, 51,5 km)",0.5-3 Mt,No information,No information,No information,No information,No,,,BEHSS,"739","739"
P 10-19,Germany,E 10,"Wesseling-Godorf (Rhine, 672.0 km)","Wesseling-Godorf (Rhin, 672,0 km)",0.5-3 Mt,No information,No information,No information,Available,Yes,,,,"129","129"
P 10-01-01,Germany,E 10-01,"Rhein-Lippe-Hafen (Wesel-Datteln Kanal, 1.0 km)","Rhein-Lippe-Hafen (Wesel-Datteln Kanal, 1,0 km)",0.5-3 Mt,No information,No information,No information,Available,Yes,,,,"786","786"
P 91-04-03,Italy,E 91-04,"Porto Garibaldi (Ferrara Waterway, 80.0 km from Ferrara)","Garibaldi (Voie navigable de Ferrara, 80,0 km depuis Ferrara)",No information,No information,No information,No information,No information,No,Construction foreseen,Construction prévue,ITPGA,"386","386"
P 91-04-02,Italy,E 91-04,Ferrara S. Giovanni Ostellato (Ferrara-Porto Garibaldi Canal),Ferrara S. Giovanni Ostellato (Canal Ferrara-Porto Garibaldi),0.5-3 Mt,No information,No information,No information,No information,No,,,,"385","385"
P 71-02-01,Germany,E 71-02,"Potsdam (Potsdamer Havel, 3.0 km)","Potsdam (Potsdamer Havel, 3,0 km)",No information,Not available,Not available,Not available,Not available,No,,,,"601","601"
P 10-27,Germany,E 10,"Gernsheim  (Rhine, 462.0 km)","Gernsheim  (Rhin, 462,0 km)",0.5-3 Mt,Not available,Not available,Not available,Available,No,,,,"181","181"
P 80-44,Hungary,E 80,"Dunaujvaros (Danube, 1 579.0 km)","Dunaujvaros (Danube, 1579,0 km)",0.5-3 Mt,Not available,Not available,Not available,Available,No,Mainly bulk cargo,Surtout marchandises en vrac,,"269","269"
P 40-05,Ukraine,E 40,"Kyiv (Dnipro, 856.0 km)","Kyiv (Dnipro, 856,0 km)",>10 Mt,Available,No information,Not available,Available,No,Bulk and general cargo,Marchandises diverses et en vrac,UAIEV,"464","464"
P 01-02,Belgium,E 01,"Charleroi (Sambre, 48.6 km)","Charleroi (Sambre, 48,6 km)",3-10 Mt,Available,Available,Available,Available,No,,,,"161","161"
P 80-12,Germany,E 80,"Mainz (Rhine, 500.0 km)","Mainz (Rhin, 500,0 km)",3-10 Mt,Available,Available,Available,Available,No,,,DEMAI,"205","205"
P 10-06-01,France,E 10-06,"Fos (Fos Bay, sea section)","Fos (Baie de Fos, section maritime)",>10 Mt,Available,Available,Available,Available,No,,,FRFOS,"17","17"
P 15-02bis,Netherlands,E 15,"Sneek (Prinses Margrietkanaal, 43.7 km)","Sneek (Prinses Margrietkanaal, 43,7 km)",0.5-3 Mt,Available,Available,Not available,Not available,No,,,NLSNK,"800","800"
P 71-04,Germany,E 71,"Eisenhüttenstadt (Spree-Oder Wasserstraße, 124.0 km)","Eisenhüttenstadt (Spree-Oder Wasserstraße, 124,0 km)",No information,Not available,Not available,Not available,Available,No,,,DEEHS,"573","573"
P 05-01,Belgium,E 05,"Avelgem (Boven-Schelde, 35.7 km)","Avelgem (Boven-Schelde, 35,7 km)",0.5-3 Mt,Available,Available,No information,No information,No,,,,"731","731"
P 03-03,Belgium,E 03,"Zelzate (Gent-Terneuzen Canal, 19.6 km)","Zelzate (Canal Gent-Terneuzen, 19,6 km)",No information,No information,No information,No information,No information,No,,,BEZEL,"757","757"
P 01-12,Netherlands,E 01,"Zwijndrecht (Oude Maas, 980.6 km)","Zwijndrecht (Oude Maas, 980,6 km)",0.5-3 Mt,Not available,Not available,Not available,Available,No,,,NLZWI,"826","826"
P 10-15,Germany,E 10,"Neuss  (Rhine, 740.0 km)","Neuss  (Rhin, 740,0 km)",3-10 Mt,Available,Available,No information,Available,No,,,DENSS,"729","729"
P 10-01,Netherlands,E 10,"Rotterdam (Nieuwe Maas, 1 002.5 km)","Rotterdam (Nieuwe Maas, 1002,5 km)",>10 Mt,Available,Available,Available,Available,No,,,NLRTM,"840","840"
P 10-26,Germany,E 10,"Wiesbaden  (Rhine, 500.0 km)","Wiesbaden  (Rhin, 500,0 km)",0.5-3 Mt,Not available,Not available,Not available,Available,No,,,,"205","205"
P 91-05bis,Italy,E 91,San Benedetto Po (Po),Mantova S. Benedetto (Pô),0.5-3 Mt,No information,No information,No information,No information,No,,,,"382","382"
P 91-04-01,Italy,E 91-04,Ferrara (Ferrara-Porto Garibaldi Canal),Ferrara (Canal Ferrara-Porto Garibaldi),0.5-3 Mt,Available,Available,No information,Available,No,,,,"387","387"
P 70-04-01,Germany,E 70-04,"Hannover-Linden (Stichkanal, 11.0 km)","Hannover-Linden (Stichkanal, 11,0 km)",0.5-3 Mt,Not available,Not available,Not available,Available,No,,,,"686","686"
P 12-02bis,Netherlands,E 12,"Deventer (Geldersche IJssel, 57.3 km)","Deventer (Geldersche IJssel, 57,3 km)",0.5-3 Mt,Not available,Not available,Not available,Not available,No,,,NLDEV,"809","809"
P 71-03,Germany,E 71,"Eisenhüttenstadt EKO (Spree-Oder Wasserstraße, 122.0 km)","Eisenhüttenstadt EKO (Spree-Oder Wasserstraße, 122,0 km)",0.5-3 Mt,Not available,Not available,Not available,Available,Yes,,,,"573","573"
P 80-04-01,France,E 80-04,"Saint-Ouen-l'Aumône (Oise, 119.2 km)","St. Ouen-l'Aumône (Oise, 119,2 km) Lagny (Marne, 149,8 km)",0.5-3 Mt,No information,No information,No information,Available,No,,,,"85","85"
P 40-10,Ukraine,E 40,"Zaporizhya (Dnipro, 308.0 km)","Zaporizhya (Dnipro, 308,0 km)",>10 Mt,Available,Available,Not available,Available,No,"Bulk and general cargo, lighters","Marchandises diverses et en vrac, allèges",UAZPR,"431","431"
P 71-02,Germany,E 71,"Oberschöneweide Cargo-Handling Point (Spree-Oder Wasserstraße, 28.0–29.0 km)","Point de manutention des marchandises d’Oberschöneweide  (Spree-Oder Wasserstraße, 28,0–29,0 km)",0.5-3 Mt,Not available,Not available,Not available,Available,No,,,,"602","602"
P 60-06-01,France,E 60-06,"Bordeaux (Gironde et Garonne, 359.0 km)","Bordeaux (Gironde et Garonne, 359,0 km)",>10 Mt,Available,Available,Not available,Available,No,,,FRBOD,"14","14"
P 40-04ter,Belarus,E 40,"Mozyr (Pripyat, 188.0 km)","Mozyr (Pripyat, 188,0 km)",0.5-3 Mt,Not available,Not available,Not available,Available,No,General and bulk cargo,Marchandises diverses et en vrac,BYMAZ,"473","473"
P 01-10ter,Netherlands,E 01,"Waalwijk (Bergsche Maas, 236.0 km)","Waalwijk (Bergsche Maas, 236,0 km)",0.5-3 Mt,Available,Available,Not available,Not available,No,,,NLWLK,"543","543"
P 10-25,Germany,E 10,"Bingen  (Rhine, 527.0 km)","Bingen  (Rhin, 527,0 km)",No information,Not available,Not available,Not available,Available,No,,,,"177","177"
P 12-02,Netherlands,E 12,"Arnhem (Neder-Rijn, 885.8 km)","Arnhem (Neder-Rijn, 885,8 km)",0.5-3 Mt,Not available,Not available,Not available,Not available,No,,,,"832","832"
P 80-06,France,E 80,"Mondelange-Richemont (Moselle, 279.5–277.9 km)","Mondelange-Richemont (Moselle, 279,5–277,9 km)",0.5-3 Mt,No information,No information,No information,No information,No,,,,"105","105"
P 06-02,Netherlands,E 06,"Bergen op Zoom (Schelde-Rijn Connection, 1 031.8 km)","Bergen op Zoom (Liaison Schelde-Rijn, 1031,8 km)",0.5-3 Mt,Available,Available,Not available,Not available,No,,,NLBZM,"768","768"
P 80-04,France,E 80,"Frouard (Moselle, 346.5 km)","Frouard (Moselle, 346,5 km)",0.5-3 Mt,Available,Available,Available,Available,No,Heavy goods, Colis lourds,,"103","103"
P 02-02-01,Belgium,E 02-02,Oostende (North Sea),Oostende (mer du Nord),No information,No information,No information,No information,No information,No,,,BEOST,"150","150"
P 02-04-01,Belgium,E 02-04,"Roeselare (Roeselare-Leie Canal, 0.5 km)","Roeselare (Canal Roeselare-Leie, 0,5 km)",No information,No information,No information,No information,No information,No,,,,"151","151"
P 70-08,Germany,E 70,"Braunschweig/Thune (Mittellandkanal, 223.0 km)","Braunschweig/Thune (Mittellandkanal, 223,0 km)",0.5-3 Mt,Not available,Not available,Not available,Not available,Yes,,,,"681","681"
P 91-03-08,Italy,E 91-03,Porto Levante (Po di Levante mouth),Porto Levante (Embouchure du Po di Levante),No information,No information,No information,No information,No information,Yes,Private ports. Public port in project.,Ports privés. Port public en projet.,,"393","393"
P 10-38,France,E 10,"Colmar-Neuf Brisach (Rhine, 225.8 km)","Colmar-Neuf Brisach (Rhin, 225,8 km)",0.5-3 Mt,Available,Available,Not available,Available,No,"Minerals, gravel, aluminium, cereals","Minéraux, gravier, aluminium, céréales",,"56","56"
P 04-03bis,Belgium,E 04,"Willebroek (Bruxelles-Schelde Canal, 61.3 km)","Willebroek (Canal Bruxelles-Escaut, 61,3 km)",0.5-3 Mt,Available,Available,Available,Available,No,,,BEWLB,"764","764"
P 70-01-01,Netherlands,E 70-01,"Gouda (Hollandse IJssel, 1.4 km)","Gouda (Hollandse IJssel, 1,4 km)",0.5-3 Mt,Not available,Not available,Not available,Not available,No,,,NLGOU,"824","824"
P 02-03,France,E 02,"Lille (Deûle, 42.0 km)","Lille (Deûle, 42,0 km)",0.5-3 Mt,Available,Available,Not available,Available,No,,,,"142","142"
P 80-09-02,Ukraine,E 80-09,"Kilia (Danube-Kilia Arm, 47.0 km)","Kilia (Danube-Bras de Kilia, 47,0 km)",0.5-3 Mt,Available,Not available,Not available,Not available,No,General cargo,Marchandises diverses,UAKIA ,"360","360"
P 91-03-06,Italy,E 91-03,"Rovigo (Mantova-Adriatic Sea Canal, 140.0 km)","Rovigo (Canal Mantova-mer Adriatique, 140,0 km)",3-10 Mt,Available,Available,No information,Available,No,,,,"389","389"
P 05-03,Belgium,E 05,"Meerhout (Albertkanaal, 80.7 km)","Meerhout (Canal Albert, 80,7 km)",0.5-3 Mt,Available,Available,No information,No information,No,,,,"741","741"
P 70-07,Germany,E 70,"Braunschweig (Mittellandkanal, 220.0 km)","Braunschweig (Mittellandkanal, 220,0 km)",0.5-3 Mt,Not available,Not available,Not available,Available,No,,,DEBWE,"681","681"
P 80-39,Hungary,E 80,"Györ-Gönyü (Danube, 1 807.0 km)","Györ-Gönyü (Danube, 1 807,0 km)",0.5-3 Mt,No information,No information,No information,No information,No,Mainly bulk cargoes and oil products,Surtout marchandises en vrac et produits pétroliers,,"249","249"
P 10-07-03,Germany,E 10-07,"Plochingen (Neckar, 200.0 km)","Plochingen (Neckar, 200,0 km)",0.5-3 Mt,Not available,Not available,Not available,Available,No,,,,"192","192"
P 11-01-01,Netherlands,E 11-01,"Zaandam (Zaan, 2.0 km)","Zaandam (Zaan, 2,0 km)",0.5-3 Mt,Not available,Not available,Not available,Not available,No,,,,"819","819"
P 80-29,Germany,E 80,"Erlangen (Main-Donau-Kanal, 46.0 km)","Erlangen (Main-Donau Kanal, 46,0 km)",0.5-3 Mt,Not available,Not available,Not available,Available,No,,,,"212","212"
P 01-02bis,Belgium,E 01,"Charleroi (Charleroi-Bruxelles Canal, 5.6 km)","Charleroi (Canal Charleroi-Bruxelles, 5,6 km)",3-10 Mt,Not available,Not available,Not available,Not available,No,,,,"161","161"
P 80-52,Serbia,E 80,"Prahovo (Danube, 861.0 km)","Prahovo (Danube, 861,0 km)",0.5-3 Mt,No information,No information,No information,Available,No,,,,"324","324"
P 01-03,Belgium,E 01,"Namur (Sambre, 65.5 km)","Namur (Sambre, 65,5 km)",3-10 Mt,Available,Available,Not available,Available,No,,,,"166","166"
P 15-01bis,Netherlands,E 15,"Lelystad (IJsselmeer, 32.0 km)","Lelystad (Ijsselmeer, 32,0 km)",0.5-3 Mt,Not available,Not available,Not available,Not available,No,,,NLLEY,"805","805"
P 01-10quater,Netherlands,E 01,"Geertruidenberg (Bergsche Maas, 251.0 km)","Geertruidenberg (Bergsche Maas, 251,0 km)",0.5-3 Mt,Not available,Not available,Not available,Not available,No,,,NLGTB,"842","842"
P 10-23,Germany,E 10,"Bendorf  (Rhine, 599.0 km)","Bendorf  (Rhin, 599,0 km)",0.5-3 Mt,Not available,Not available,Not available,Available,No,,,,"125","125"
P 91-07,Italy,E 91,"Adria (Mantova-Adriatic Sea Canal, 265.0 km from Milano Terminale)","Adria (Canal Mantova-mer Adriatique, 265,0 km depuis le Milano Terminale)",0.5-3 Mt,No information,No information,No information,No information,No,,,,"390","390"
P 10-01-06,Germany,E 10-01,"Hamm  (Datteln-Hamm Kanal, 34.0 km)","Hamm  (Datteln-Hamm Kanal, 34,0 km)",0.5-3 Mt,Available,Available,No information,Available,No,,,,"775","775"
P 01-11,Netherlands,E 01,"Dordrecht (Merwede, 974.4 km)","Dordrecht (Merwede, 974,4 km)",3-10 Mt,Not available,Not available,Not available,Available,No,,,NLDOR,"826","826"
P 70-17,Russian Federation,E 70,"Kaliningrad river port (Pregolia, 9.0 km)","Port fluvial de Kaliningrad (Pregolia, 9,0 km)",0.5-3 Mt,No information,No information,No information,Available,No,Actual cargo turnover is 100 000 t, Manutention actuelle : 100 000 t,RUKGD ,"537","537"
P 10-18,Germany,E 10,"Köln  (Rhine, 688.0 km)","Köln  (Rhin, 688,0 km)",>10 Mt,Available,Available,No information,Available,No,,,DECGN,"722","722"
P 91-04ter,Italy,E 91,Mantova Viadana (Po),Mantova Viadana (Pô),0.5-3 Mt,No information,No information,No information,No information,No,Focused on chemical fluids through pipeline,Concentré sur les produits chimiques par pipeline,,"380","380"
P 01-10bis,Netherlands,E 01,"Maasdriel (Maas, 212.0 km)","Maasdriel (Maas, 212,0 km)",0.5-3 Mt,Not available,Not available,Not available,Not available,No,,,,"848","848"
P 80-03,France,E 80,"Conflans (Seine, 239.0 km)","Conflans (Seine, 239,0 km)",0.5-3 Mt,No information,No information,No information,No information,No,,,,"87","87"
P 01-07,Netherlands,E 01,"Born/Sittard-Geleen (Maas, 29.7 km)","Born/Sittard-Geleen (Maas, 29,7 km)",0.5-3 Mt,Available,Available,Available,Available,No,,,NLBON,"751","751"
P 01-10,Netherlands,E 01,"Oss (Maas, 193.0 km)","Oss (Maas, 193,0 km)",3-10 Mt,Available,Available,Not available,Available,No,,,NLOSS,"846","846"
P 05-04-01,Belgium,E 05-04,"Aalst (Dender, 53.7km)","Aalst (Dender, 53,7 km)",No information,No information,No information,No information,No information,No,,,,"734","734"
P 80-47ter,Serbia,E 80,"Novi Sad (Danube, 1 253.5 km)","Novi Sad (Danube, 1253,5 km)",0.5-3 Mt,Available,No information,No information,Available,No,,,RSNVS ,"305","305"
P 80-38,Slovakia,E 80,"Bratislava (Danube, 1 867.0 km)","Bratislava (Danube, 1 867,0 km)",3-10 Mt,Available,Available,Available,Available,No,,,SKBTS,"245","245"
P 40-02-02,Ukraine,E 40-02,"Mykolaiv, sea port (Pivdenny Buh, 35.0 km)","Mykolaiv, port maritime (Pivdenny Buh, 35,0 km)",3-10 Mt,Available,Available,Not available,Available,No,"Timber, oil products, metals, cereals, bulk cargo, scrap","Bois, produits pétroliers, métaux, céréales, marchandises en vrac, ferraille",UAZUA,"373","373"
P 91-04,Italy,E 91,"Cremona (Milano-Po Canal, 55.0 km from Milano Terminale)","Cremona (Canal Milano-Pô, 55,0 km depuis le Milano Terminale)",No information,No information,No information,No information,No information,No,,,,"377","377"
P 01-09sexies,Netherlands,E 01,"Grave (Maas, 174.0 km)","Grave (Maas, 174,0 km)",0.5-3 Mt,Not available,Not available,Not available,Not available,No,,,,"838","838"
P 10-44,France,E 10,"Lyon  (Rhône, 375.0 km)","Lyon  (Rhône, 375,0 km)",0.5-3 Mt,Available,Available,Available,Available,No,"Oil and metallurgical products, minerals","Produits pétroliers et métallurgiques, minéraux",FRLIO,"33","33"
P 13-01,Germany,E 13,"Emsland (Dortmund-Ems-Kanal, 151.0 km)","Emsland (Dortmund-Ems Kanal, 151,0 km)",0.5-3 Mt,No information,No information,No information,Available,Yes,,,,"717","717"
P 13-02,Germany,E 13,"Münster (Dortmund-Ems-Kanal, 68.0 km)","Münster (Dortmund-Ems Kanal, 68,0 km)",0.5-3 Mt,No information,No information,No information,Available,No,,,DEMSR,"715","715"
P 30-03,Poland,E 30,"Kostrzyn (Oder, 617.0 km)","Kostrzyn (Oder, 617,0 km)",0.5-3 Mt,Not available,Not available,Not available,Available,No,,,,"572","572"
P 70-16,Russian Federation,E 70,"Kaliningrad sea port (Pregolia, 8.0 km)","Port maritime de Kaliningrad (Pregolia, 8,0 km)",No information,Available,No information,No information,Available,No,,,RUKGD ,"537","537"
P 30-02,Poland,E 30,"Szczecin (Oder, 741.0 km)","Szczecin (Oder, 741,0 km)",>10 Mt,Available,Available,Available,Available,No,,,PLSZZ,"581","581"
P 91-03-03,Italy,E 91-03,"Mantova Ostiglia (Mantova-Adriatic Sea Canal, 30.0 km)","Mantova Ostiglia (Canal Mantova – mer Adriatique, 30,0 km)",0.5-3 Mt,No information,No information,No information,No information,No,,,,"383","383"
P 10-01-05,Germany,E 10-01,"Bergkamen (Datteln-Hamm Kanal, 22.0 km)","Berkamen (Datteln-Hamm Kanal, 22,0 km)",0.5-3 Mt,No information,No information,No information,No information,Yes,,,,"777","777"
P 70-10-07,Germany,E 70-10,"Klingenberg Heating Station (Spree, 25.0 km)","Centrale de production de chaleur de Klingenberg (Spree, 25,0 km)",0.5-3 Mt,Not available,Not available,Not available,Available,No,,,,"602","602"
P 10-07-01,Germany,E 10-07,"Heilbronn (Neckar, 110.0 km)","Heilbronn (Neckar, 110,0 km)",3-10 Mt,Available,Available,Available,Available,No,,,DEHEN,"189","189"
P 80-26,Germany,E 80,"Würzburg (Main, 246.0–251.0 km)","Würzburg (Main, 246,0–251,0 km)",No information,Available,Not available,Available,Available,No,,,DEWUE,"207","207"
P 80-37,Austria,E 80,"Wien (Danube, 1 916.8–1 920.2 km)","Wien (Danube, 1 916,8–1 920,2 km)",0.5-3 Mt,Available,Available,Available,Available,No,All cargoes,Toutes marchandises,,"239","239"
P 40-04,Belarus,E 40,"Pinsk (Pina, 9.0 km)","Pinsk (Pina, 9,0 km)",0.5-3 Mt,Not available,Not available,Not available,Not available,No,General and bulk cargo,Marchandises diverses et en vrac,BYPIK,"487","487"
P 10-37,Germany,E 10,"Breisach  (Rhine, 226.0 km)","Breisach  (Rhin, 226,0 km)",0.5-3 Mt,Not available,Not available,Not available,Not available,No,,,,"56","56"
P 10-01-04,Germany,E 10-01,"Lünen (Datteln-Hamm Kanal, 11.0 km)","Lünen (Datteln-Hamm Kanal, 11,0 km)",0.5-3 Mt,No information,No information,No information,Available,No,,,,"777","777"
P 10-05,Germany,E 10,"Wesel  (Rhine, 814.0 km)","Wesel  (Rhin, 814,0 km)",0.5-3 Mt,Available,Available,No information,Available,No,,,DEWES,"786","786"
P 80-60,Romania,E 80,"Braila (Danube, 168.5–172.0 km)","Braila (Danube, 168,5–172,0 km)",3-10 Mt,Not available,Not available,Available,Available,No,,,ROBRA,"351","351"
P 70-06,Germany,E 70,"Mehrum (Mittellandkanal, 194.0 km)","Mehrum (Mittellandkanal, 194,0 km)",0.5-3 Mt,Not available,Not available,Not available,Not available,Yes,,,,"684","684"
P 20-08,Germany,E 20,"Magdeburger Häfen (Elbe, 330.0 and 333.0 km)","Magdeburger Häfen (Elbe, 330,0 et 333,0 km)",0.5-3 Mt,Not available,Not available,Not available,Available,No,,,DEMAG,"638","638"
P 80-50,Romania,E 80,"Orsova (Danube, 954.0 km)","Orsova (Danube, 954,0 km)",0.5-3 Mt,Not available,Not available,Not available,Available,No,,,,"319","319"
P 40-03,Belarus,E 40,"Brest (Mukhovets, 1.5 km)","Brest (Mukhovets, 1,5 km)",0.5-3 Mt,Not available,Not available,Not available,Not available,No,General and bulk cargo,Marchandises diverses et en vrac,,"495","495"
P 80-02,France,E 80,"Rouen (Seine, 242.0 km)","Rouen (Seine, 242,0 km)",3-10 Mt,Available,Available,Available,Available,No,"Oil, cereals, sand, coal","Pétrole, céréales, sable, charbon",FRURO,"92","92"
P 10-17,Germany,E 10,"Leverkusen  (Rhine, 699.0 km)","Leverkusen  (Rhin, 699,0 km)",0.5-3 Mt,Available,Available,No information,Available,Yes,,,,"722","722"
P 10-31,Germany,E 10,"Speyer  (Rhine, 400.0 km)","Speyer  (Rhin, 400,0 km)",0.5-3 Mt,Not available,Not available,Not available,Available,No,,,,"200","200"
P 04-03,Belgium,E 04,"Ruisbroek (Charleroi-Bruxelles Canal, 58.8 km)","Ruisbroek (Canal Charleroi-Bruxelles, 58,8 km)",No information,No information,No information,No information,No information,No,,,BERUI,"158","158"
P 81-05,Slovakia,E 81,Nové mesto nad Váhom (Váh),Nové mesto nad Váhom (Váh),0.5-3 Mt,No information,No information,No information,No information,No,Port is planned,Port prévu,,"262","262"
P 10-36,France,E 10,"Strasbourg  (Rhine, 296.0 km)","Strasbourg  (Rhin, 296,0 km)",3-10 Mt,Available,Available,Available,Available,No,"Sand, gravel, oil products, cereals, heavy packages","Sable, gravier, produits pétroliers, céréales, colis lourds",FRSXB,"197","197"
P 10-42,France,E 10,"Aproport (Chalon-sur-Saône, Mâcon, Villefranche-sur-Saône) (Saône, 230.0 km, 296.0 km and 335.0 km)","Aproport (Chalon-sur-Saône, Mâcon, Villefranche-sur-Saône) (Saône, 230,0 km, 296,0 km et 335,0 km)",0.5-3 Mt,Available,Available,Not available,Available,No,"Bulk cargoes, construction materials"," Vrac, matériaux de construction",FRCSS,"39","39"
P 05-02,Belgium,E 05,"Melle (Boven-Zeeschelde, 9.9 km)","Melle (Boven-Zeeschelde, 9,9 km)",No information,No information,No information,No information,No information,No,,,,"763","763"
P 80-01,France,E 80,"Le Havre (Le Havre-Tancarville Canal, 20.0 km)","Le Havre (Canal Le Havre-Tancarville, 20,0 km)",0.5-3 Mt,Available,Available,Available,Available,No,"Oil products, fuels, minerals","Produits pétroliers, combustibles, minéraux",FRLEH,"93","93"
P 12-02-01,Netherlands,E 12-02,"Meppel (Meppelerdiep, 10.5 km)","Meppel (Meppelerdiep, 10,5 km)",0.5-3 Mt,Available,Available,Not available,Not available,No,,,NLMEP,"807","807"
P 15-01-01,Netherlands,E 15-01,"Leeuwarden (Haringsmakanaal, 23.7 km)","Leeuwarden (Haringsmakanaal, 23,7 km)",0.5-3 Mt,Not available,Not available,Not available,Available,No,,,NLLWR,"797","797"
P 40-02,Poland,E 40,"Bydgoszcz (Wisla, 772.3 km and Brda, 2.0 km)","Bydgoszcz (Wisla, 772,3 km et Brda, 2,0 km)",0.5-3 Mt,Not available,Not available,Not available,Not available,No,,,,"525","525"
P 15-01,Netherlands,E 15,"Almere (IJsselmeer, 15.0 km)","Almere (Ijsselmeer, 15,0 km)",0.5-3 Mt,Not available,Not available,Not available,Not available,No,,,,"805","805"
P 01-03-02,Netherlands,E 01-03,"Veghel (Zuid-Willemsvaart, 24.0 km)","Veghel (Zuid-Willemsvaart, 24,0 km)",0.5-3 Mt,Available,Available,Not available,Not available,No,,,,"754","754"
P 04-01,Netherlands,E 04,"Vlissingen (Westerschelde, 14.0 km from the mouth)","Vlissingen (Westerschelde, 14,0 km de l’embouchure)",0.5-3 Mt,Available,Available,Available,Available,No,,,NLVLI,"760","760"
P 11-03,Netherlands,E 11,"Amsterdam (Noordzeekanaal, 20.6 km)","Amsterdam (Noordzeekanaal, 20,6 km)",>10 Mt,Available,Available,Available,Available,No,,,NLAMS,"819","819"
P 10-12,Germany,E 10,"Duisburg-Ruhrort Häfen (Rhine, 774.0 km)","Duisburg-Ruhrort Häfen (Rhin, 774,0 km)",>10 Mt,Available,Available,Available,Available,No,,,DEDUI,"783","783"
P 70-04,Germany,E 70,"Minden (Mittellandkanal, 100.0–104.0 km)","Minden (Mittellandkanal, 100,0–104,0 km)",0.5-3 Mt,Not available,Not available,Not available,Available,No,,,DEMID,"704","704"
P 71-06-02,Germany,E 71-06,"Königs Wusterhausen (Dahme-Wasserstraße, 8.0 km)","Königs Wusterhausen (Dahme-Wasserstraße, 8,0 km)",0.5-3 Mt,Not available,Not available,Not available,Available,No,,,,"603","603"
P 10-35,Germany,E 10,"Kehl  (Rhine, 297.0 km)","Kehl  (Rhin, 297,0 km)",0.5-3 Mt,Available,Available,Not available,Available,No,,,DEKEH,"197","197"
P 70-02,Netherlands,E 70,"Enschede (Twentekanaal, 49.8 km)","Enschede (Twentekanaal, 49,8 km)",0.5-3 Mt,Not available,Not available,Not available,Not available,No,,,,"793","793"
P 21-01,Germany,E 21,"Lübeck (Trave, 2.0–8.0 km)","Lübeck (Trave, 2,0–8,0 km)",0.5-3 Mt,Available,Available,Available,Available,No,,,DELBC,"656","656"
P 10-16,Germany,E 10,"Stürzelberg  (Rhine, 726.0 km)","Stürzelberg  (Rhin, 726,0 km)",0.5-3 Mt,Available,Available,No information,Available,Yes,,,DESUE,"728","728"
P 20-06-02,Czech Republic,E 20-06,"Praha (Vltava, 47.4 and 55.5 km)","Praha (Vltava, 47,4 et  55,5 km)",0.5-3 Mt,Not available,Not available,Not available,Not available,No,Bulk cargoes,Marchandises en vrac,,"611","611"
P 10-03-04,Germany,E 10-03,"Gelsenkirchen (Rhein-Herne Kanal, 24.0 km)","Gelsenkirchen (Rhein-Herne Kanal, 24,0 km)",3-10 Mt,Available,Available,No information,Available,No,,,DEGEK,"780","780"
P 80-25,Germany,E 80,"Karlstadt (Main, 227.0 km)","Karlstadt (Main, 227,0 km)",0.5-3 Mt,Not available,Not available,Not available,Not available,Yes,,,,"208","208"
P 80-59bis,Romania,E 80,"Cernavoda (Danube, 298.0 km)","Cernavoda (Danube, 298,0 km)",0.5-3 Mt,Not available,Not available,Available,Available,No,,,ROCEV,"346","346"
P 70-10-03,Germany,E 70-10,"Reuter Power Station (Spree, 3.0 km)","Centrale électrique de Reuter (Spree, 3,0 km)",0.5-3 Mt,Not available,Not available,Not available,Available,Yes,,,,"601","601"
P 40-01,Poland,E 40,Gdansk (Baltic Sea- mouth of the Wisla),Gdansk (mer Baltique – embouchure de la Wisla),>10 Mt,Available,Available,Available,Available,No,,,PLGDN,"532","532"
P 40-12,Ukraine,E 40,"Kherson (Dnipro, 28.0 km)","Kherson (Dnipro, 28,0 km)",3-10 Mt,Available,Not available,Not available,Available,No,"Bulk and general cargo, lighters","Marchandises diverses et en vrac, allèges",UAKHE,"420","420"
P 01-04,Belgium,E 01,"Liège (Meuse, 105.0 km)","Liège (Meuse, 105,0 km)",>10 Mt,Available,Available,Available,Available,No,,,BELGG,"172","172"
P 70-10-01,Germany,E 70-10,Cargo–Handling Complex (branch of the Spree at 0.0 km),"Complexe de manutention des marchandises (bras de la Spree à 0,0 km)",0.5-3 Mt,Not available,Not available,Not available,Not available,Yes,,,,"601","601"
P 80-35,Austria,E 80,"Enns-Ennsdorf (Danube, 2 111.8 km)","Enns-Ennsdorf (Danube, 2 111,8 km)",0.5-3 Mt,Available,Available,Available,Available,No,"General and bulk cargoes, liquid gas","Marchandises diverses et en vrac, gaz liquéfié",ATENO ,"232","232"
P 01-13,Netherlands,E 01,"Vlaardingen (Nieuwe Waterweg, 1 010.5 km)","Vlaardingen (Nieuwe Waterweg, 1010,5 km)",3-10 Mt,Not available,Not available,Available,Available,No,,,NLVLA,"840","840"
P 10-03-02,Germany,E 10-03,"Koeln-Neuessen (Rhein-Herne Kanal, 17.0 km)","Coelln-Neuessen (Rhein-Herne Kanal, 17,0 km)",0.5-3 Mt,No information,No information,No information,No information,Yes,,,,"780","780"
P 10-03-03,Germany,E 10-03,"Ruhr-Oel (Rhein-Herne Kanal, 22.0 km)","Ruhr-Oel (Rhein-Herne Kanal, 22,0 km)",0.5-3 Mt,Available,Available,No information,Available,Yes,,,,"780","780"
P 15-04,Germany,E 15,"Emden (Ems, 41.0 km)","Emden (Ems, 41,0 km)",0.5-3 Mt,Available,Available,Available,Available,No,,,DEEME,"724","724"
P 80-34,Austria,E 80,"Linz-Vöest (Danube, 2 127.2 km)","Linz-Vöest (Danube, 2 127,2 km)",3-10 Mt,Available,Available,Not available,Available,Yes,Metallurgical products,Produits métallurgiques,,"231","231"
P 41-01,Lithuania,E 41,Klaipeda sea port (Kurshskiy Zaliv),Port maritime de Klaipeda (Kurshskiy Zaliv),>10 Mt,Available,Available,Available,Available,No,,,LTKLJ,"551","551"
P 80-56,Bulgaria,E 80,"Roussse (Danube, 495.0 km)","Rousse (Danube, 495,0 km)",3-10 Mt,Not available,Not available,Available,Available,No,,,BGRDU,"338","338"
P 80-16,Germany,E 80,"Kelsterbach (Main, 19.0 km)","Kelsterbach (Main, 19,0 km)",0.5-3 Mt,Not available,Not available,Not available,Not available,Yes,,,,"203","203"
P 10-07,Germany,E 10,"Orsoy  (Rhine, 794.0 km)","Orsoy  (Rhin, 794,0 km)",0.5-3 Mt,No information,No information,No information,No information,No,,,DEORS,"785","785"
P 01-04bis,Belgium,E 01,"Liège (Albert Canal, 9.6 km)","Liège (Canal Albert, 9,6 km)",>10 Mt,Available,Available,Available,Available,No,,,BELGG,"172","172"
P 60-08-01,France,E 60-08,"Nantes (Loire, 645.0 km)","Nantes (Loire, 645,0 km)",0.5-3 Mt,Available,Available,Not available,Available,No,"Minerals, construction materials","Minéraux, matériaux de construction",FRNTE,"9","9"
P 10-14,Germany,E 10,"Düsseldorf  (Rhine, 743.0 km)","Düsseldorf  (Rhin, 743,0 km)",0.5-3 Mt,Available,Available,No information,Available,No,,,DEDUS,"729","729"
P 60-04,Germany,E 60,"Rendsburg (Kiel Canal, 62.0 km)","Rendsburg (Canal de Kiel, 62,0 km)",No information,Not available,Not available,Not available,Available,No,,,DEREN,"653","653"
P 80-31,Germany,E 80,"Regensburg (Danube, 2 370.0–2 378.0 km)","Regensburg (Danube, 2 370,0–2378,0 km)",0.5-3 Mt,Available,Available,Not available,Available,No,,,,"222","222"
P 91-05,Italy,E 91,"Boretto R. Emilia Centrale (Po, 120.0 km from Milano Terminale)","Boretto R. Emilia Centrale (Po, 120,0 km depuis le Milano Terminale)",0.5-3 Mt,No information,No information,No information,No information,No,Under construction or planned.,En construction ou en prévision.,,"380","380"
P 20-12,Germany,E 20,"Kieswerk Mühlberg (Elbe, 125.0 km)","Kieswerk Mühlberg (Elbe, 125,0 km)",0.5-3 Mt,Not available,Not available,Not available,Available,Yes,,,,"624","624"
P 80-63,Ukraine,E 80,"Reni (Danube, 128.0 km)","Reni (Danube, 128,0 km)",>10 Mt,Available,Available,Available,Available,No,"General and bulk cargo, oil products","Marchandises diverses et en vrac, produits pétroliers",UARNI,"354","354"
P 80-30,Germany,E 80,"Nürnberg (Main-Donau-Kanal, 72.0 km)","Nürnberg (Main-Donau Kanal, 72,0 km)",No information,Not available,Not available,Available,Available,No,,,DENUE,"219","219"
P 61-01,Germany,E 61,"Anklam (Peene, 95.0 km)","Anklam (Peene, 95,0 km)",0.5-3 Mt,Not available,Not available,Not available,Available,No,,,DEANK,"586","586"
P 71-01,Germany,E 71,"Teltowkanal Cargo-Handling Point (Teltowkanal, 31.0–34.0 km)","Point de manutention des marchandises de Teltowkanal (Teltowkanal, 31,0–34,0 km)",0.5-3 Mt,Not available,Not available,Not available,Available,Yes,,,,"602","602"
P 80-05,France,E 80,"Metz (Moselle, 297.0–294.0 km)","Metz (Moselle, 297,0–294,0 km)",0.5-3 Mt,Available,Available,Not available,Available,No,,,,"105","105"
P 10-13,Germany,E 10,"Krefeld  (Rhine, 762.0 km)","Krefeld  (Rhin, 762,0 km)",0.5-3 Mt,Available,Available,No information,Available,No,,,DEKRE,"778","778"
P 15-02,Netherlands,E 15,"Lemmer (Prinses Margrietkanaal, 90.5 km)","Lemmer (Prinses Margrietkanaal, 90,5 km)",0.5-3 Mt,Not available,Not available,Not available,Not available,No,,,NLLMR,"800","800"
P 12-01,Netherlands,E 12,"Nijmegen (Waal, 884.6 km)","Nijmegen (Waal, 884,6 km)",0.5-3 Mt,Available,Available,Not available,Not available,No,,,NLNIJ,"833","833"
P 05-04,Belgium,E 05,"Ham (Albertkanaal, 73.7 km)","Ham (Canal Albert, 73,7 km)",0.5-3 Mt,No information,No information,No information,No information,No,,,BEKWA,"741","741"
P 30-01-01,Poland,E 30-01,"Gliwice (Gliwicki Canal, 41.0 km)","Gliwice (Canal de Gliwicki, 41,0 km)",0.5-3 Mt,Not available,Not available,Not available,Available,No,,,,"403","403"
P 02-04-02,Belgium,E 02-04,"Izegem (Roeselare-Leie Canal, 6.4 km)","Izegem (Canal Roeselare-Leie, 6,4 km)",No information,No information,No information,No information,No information,No,,,,"151","151"
P 60-03,Germany,E 60,"Brunsbüttel (Kiel Canal, 2.0–5.0 km)","Brunsbüttel (Canal de Kiel, 2,0–5,0 km)",0.5-3 Mt,Not available,Not available,Not available,Available,No,,,DEOSR,"667","667"
P 80-42,Hungary,E 80,"Budapest (Danube, 1 640.0 km)","Budapest (Danube, 1 640,0 km)",3-10 Mt,Available,No information,Available,Available,No,,,HUBUD,"259","259"
P 30-05,Poland,E 30,"Kozle (Oder, 96.0 km)","Kozle (Oder, 96,0 km)",0.5-3 Mt,Not available,Not available,Not available,Available,No,,,,"402","402"
P 10-01-07,Germany,E 10-01,"Schmehausen (Datteln-Hamm Kanal, 47.0 km)","Schmehausen (Datteln-Hamm Kanal, 47,0 km)",0.5-3 Mt,No information,No information,No information,No information,Yes,,,,"775","775"
P 80-04-01,France,E 80-04,"Bruyères-sur-Oise (Oise, 96.9 km)","Bruyères-sur-Oise (Oise, 96,9 km) St. Ouen-l'Aumône (Oise, 119,2 km)",0.5-3 Mt,Available,Available,Available,Available,No,Containers: under construction,Conteneurs : en construction,,"84","84"
P 10-09-02,Switzerland,E 10-09,"Swiss Rhine Ports (Schweizerische Rheinhäfen) (Rhine, 159.15 km-170.0 km)","Ports Rhénans Suisses (Rhin, 159,15 km – 170,0 km)",>10 Mt,Available,Available,Available,Available,No,,,CHBSL,"857","857"
P 80-21,Germany,E 80,"Grosskotzenburg (Main, 62.0 km)","Grosskotzenburg (Main, 62,0 km)",0.5-3 Mt,Not available,Not available,Not available,Not available,Yes,,,,"179","179"
P 40-09,Ukraine,E 40,"Dnipropetrovsk (Dnipro, 393.0 km)","Dnipropetrovsk (Dnipro, 393,0 km)",>10 Mt,Available,No information,Not available,Available,No,Bulk and general cargo,Marchandises diverses et en vrac,UADNK,"436","436"
P 70-02-01,Germany,E 70-02,"Osnabrück (Stichkanal, 13.0 km)","Osnabrück (Stichkanal, 13,0 km)",No information,Not available,Not available,Available,Available,No,,,,"706","706"
P 80-20,Germany,E 80,"Hanau (Main, 56.0–60.0 km)","Hanau (Main, 56,0–60,0 km)",0.5-3 Mt,Not available,Not available,Not available,Available,No,,,DEHAU,"179","179"
P 10-06,Germany,E 10,"Rheinberg-Ossenberg (Rhine, 806.0 km)","Rheinberg-Ossenberg (Rhin, 806,0 km)",0.5-3 Mt,No information,No information,No information,No information,Yes,,,DERHB,"785","785"
P 70-03-01,Netherlands,E 70-03,"Almelo (Zijkanaal, 17.6 km)","Almelo (Zijkanaal, 17,6 km)",0.5-3 Mt,Not available,Not available,Not available,Not available,No,,,,"792","792"
P 10-24,Germany,E 10,"Koblenz  (Rhine, 596.0 km)","Koblenz  (Rhin, 596,0 km)",0.5-3 Mt,Available,Available,Not available,Available,No,,,,"123","123"
P 81-08,Slovakia,E 81,Púchov (Váh),Púchov (Váh),0.5-3 Mt,No information,No information,No information,No information,No,Port is planned,Port prévu,,"265","265"
P 80-53bis,Bulgaria,E 80,"Oriahovo (Danube, 678.0 km)","Oriahovo (Danube, 678,0 km)",0.5-3 Mt,Not available,Not available,Available,Available,No,,,BGORE,"330","330"
P 10-32,Germany,E 10,"Germersheim  (Rhine, 385.0 km)","Germersheim  (Rhin, 385,0 km)",0.5-3 Mt,Available,Available,Not available,Available,No,,,DEGER,"200","200"
P 01-09,Netherlands,E 01,"Roermond (Maas, 74.3 km)","Roermond (Maas, 74,3 km)",0.5-3 Mt,Not available,Not available,Not available,Not available,No,,,NLOMD,"749","749"
P 40-02-03,Ukraine,E 40-02,"Dnipro-Buhskiy (Pivdenny Buh, 16.0 km)","Dnipro–Buhskiy (Pivdenny Buh, 16,0 km)",3-10 Mt,Not available,Not available,Not available,Available,No,"Ore, general cargo","Minéraux, marchandises en vrac",UADNB,"374","374"
P 80-62,Moldova,E 80,"Giurgiulesti (Danube, 133.0 km)","Giurgiulesti (Danube, 133,0 km)",0.5-3 Mt,Available,Available,Not available,Available,No,"Oil products, cereals and containers. Ro-Ro and general cargo terminals under construction","Produits pétroliers, céréales et conteneurs. Terminaux RO-RO et de marchandises diverses en construction",,"353","353"
P 01-03bis,Belgium,E 01,"Namur (Meuse, 54.5 km)","Namur (Meuse, 54,5 km)",3-10 Mt,Not available,Not available,Not available,Not available,No,,,,"166","166"
P 80-41,Slovakia,E 80,"Štúrovo (Danube, 1 722.0 km)","Štúrovo (Danube, 1722,0 km)",0.5-3 Mt,Not available,Not available,Not available,Not available,No,,,,"256","256"
P 91-03-07,Italy,E 91-03,"Conca di Volta Grimana (Mantova-Adriatic Sea Canal, 170.0 km)","Conca di Volta Grimana (Canal Mantova – mer Adriatique, 170,0 km)",No information,No information,No information,No information,No information,No,,,,"391","391"
P 10-45,France,E 10,"Marseille-Fos (Marseille-Rhône Canal, 0.0 km)","Marseille-Fos (Canal Marseille-Rhône, 0,0 km)",0.5-3 Mt,Available,Available,Available,Available,No,"Oil products, minerals","Produits pétroliers, minéraux",FRMRS,"17","17"
P 70-12-01,Germany,E 70-12,"Moabit Power Station (Berlin-Spandauer Schiffahrtskanal, 9.0 km)","Centrale électrique de Moabit (Berlin-Spandauerschiffahrtskanal, 9,0 km)",0.5-3 Mt,Not available,Not available,Not available,Not available,Yes,,,,"602","602"
P 06-01,Belgium,E 06,"Antwerpen (Schelde, 102.9 km)","Antwerpen (Schelde, 102,9 km)",No information,No information,No information,No information,No information,No,,,BEANR,"769","769"
P 80-04-01,France,E 80-04,"Nanterre (Seine, 39.4 km)","Nanterre (Seine, 39,4 km) Bruyères-sur-Oise (Oise, 96,9 km)",0.5-3 Mt,No information,No information,No information,No information,No,,,,"88","88"
P 04-04,Belgium,E 04,"Grimbergen (Bruxelles-Schelde Canal, 75.8 km)","Grimbergen (Canal Bruxelles-Escaut, 75,8 km)",0.5-3 Mt,Not available,Not available,Not available,Not available,No,,,BEGRB,"174","174"
P 80-19,Germany,E 80,"Offenbach (Main, 40.0 km)","Offenbach (Main, 40,0 km)",No information,Not available,Not available,Not available,Available,No,,,DEOFF,"180","180"
P 10-09-01,France,E 10-09,"Huningue (Rhine, 168.4 km)","Huningue (Rhin, 168,4 km)",0.5-3 Mt,Not available,Not available,Not available,Available,No,"Oil products, minerals, fertilizers","Produits pétroliers, minéraux, engrais",,"857","857"
P 80-53,Bulgaria,E 80,"Lom (Danube, 743.0 km)","Lom (Danube, 743,0 km)",3-10 Mt,Not available,Not available,Not available,Available,No,,,BGLOM,"328","328"
P 91-03-05,Italy,E 91-03,Canda (Mantova-Adriatic Sea Canal),Canda (Canal Mantova-mer Adriatique),No information,No information,No information,No information,No information,No,,,,"388","388"
P 30-04,Poland,E 30,"Wroclaw (Oder, 255.0 km)","Wroclaw (Oder, 255,0 km)",0.5-3 Mt,Not available,Not available,Not available,Available,No,,,,"406","406"
P 80-40,Slovakia,E 80,"Komárno (Danube, 1 767.1 km)","Komárno (Danube, 1 767,1 km)",3-10 Mt,Available,Available,Not available,Available,No,,,SKKNA,"260","260"
P 80-52bis,Bulgaria,E 80,"Vidin (Danube, 790.0 km)","Vidin (Danube, 790,0 km)",0.5-3 Mt,Not available,Not available,Available,Available,No,,,BGVID,"327","327"
P 02-02,Belgium,E 02,"Aalter (Gent-Oostende Canal, 22.5 km)","Aalter (Canal Gent – Oostende, 22,5 km)",No information,No information,No information,No information,No information,No,,,,"730","730"
P 81-06,Slovakia,E 81,Trencín (Váh),Trencín (Váh),0.5-3 Mt,No information,No information,No information,No information,No,Port is planned,Port prévu,,"263","263"
P 01-09bis,Netherlands,E 01,"Venlo (Maas, 108.0–111.0 km)","Venlo (Maas, 108,0–111,0 km)",0.5-3 Mt,Available,Available,Not available,Available,No,,,NLVEN,"752","752"
P 40-08bis,Ukraine,E 40,"Cargo Handling terminal (Dnipro, 422.0 km)","Terminal de manutention des marchandises (Dnipro, 422,0 km)",0.5-3 Mt,Not available,Not available,Not available,Available,No,Bulk and general cargo,Marchandises diverses et en vrac,,"435","435"
P 80-18,Germany,E 80,"Frankfurt (Main, 31.0–37.0 km)","Frankfurt (Main, 31,0–37,0 km)",3-10 Mt,Available,Available,Not available,Available,No,,,DEFRA,"180","180"
P 80-61,Romania,E 80,"Galati (Danube, 76.0 Mm-160.0 km)","Galati (Danube, 76,0 Mm – 160,0 km)",>10 Mt,Not available,Not available,Available,Available,No,,,ROGAL,"353","353"
P 10-07-02,Germany,E 10-07,"Stuttgart (Neckar, 186.0 km)","Stuttgart (Neckar, 186,0 km)",0.5-3 Mt,Not available,Not available,Not available,Available,No,,,DESTR,"192","192"
P 80-28,Germany,E 80,"Bamberg (Main-Donau-Kanal, 3.0 km)","Bamberg (Main-Donau Kanal, 3,0 km)",No information,Not available,Not available,Not available,Available,No,,,DEBAM,"215","215"
P 80-09,Germany,E 80,"Trier (Moselle, 184.0 km)","Trier (Moselle, 184,0 km)",0.5-3 Mt,Not available,Not available,Not available,Available,No,,,,"114","114"
P 91-08,Italy,E 91,"Chioggia (Po-Brondolo Canal, 285.0 km from Milano Terminale)","Chioggia (Canal Po-Brondolo, 285,0 km depuis le Milano Terminale)",3-10 Mt,Available,Available,No information,Available,No,Sea port with connection to inland waterway,Port maritime avec connexion à la voie navigable,ITCHI,"392","392"
P 80-09-01,Ukraine,E 80-09,"Ismail (Danube-Kilia Arm, 93.0 km)","Ismail (Danube-Bras de Kilia, 93,0 km)",3-10 Mt,Available,Available,Not available,Available,No,General and bulk cargo,Marchandises diverses et en vrac,,"359","359"
P 20-01,Germany,E 20,"Cuxhaven (Elbe, 724.0 km)","Cuxhaven (Elbe, 724,0 km)",0.5-3 Mt,Available,Available,Available,Available,No,"Distances to ports on the River Elbe are measured: in Germany – from the Czech/German State border starting from 0.0 km; in the Czech Republic – from the German/Czech State border starting from 726.15 km to avoid duplication of distances in the two c","Les distances relatives aux ports situés sur l’Elbe sont mesurées de la manière suivante: en Allemagne à partir de la frontière germano-tchèque en commençant à 0,0 km; en République tchèque à partir de la frontière germano-tchèque en comm",DECUX,"659","659"
P 20-02,Germany,E 20,"Brunsbüttel (Elbehafen, 693.0 km)","Brunsbüttel (Elbehafen, 693,0 km)",0.5-3 Mt,Not available,Not available,Not available,Not available,No,"Distances to ports on the River Elbe are measured: in Germany – from the Czech/German State border starting from 0.0 km; in the Czech Republic – from the German/Czech State border starting from 726.15 km to avoid duplication of distances in the two c","Les distances relatives aux ports situés sur l’Elbe sont mesurées de la manière suivante: en Allemagne à partir de la frontière germano-tchèque en commençant à 0,0 km; en République tchèque à partir de la frontière germano-tchèque en comm",DEBRB,"667","667"
P 20-03,Germany,E 20,"Bützfleth (Elbe, 668.0 km)","Bützfleet (Elbe, 668,0 km)",3-10 Mt,Not available,Not available,Not available,Not available,Yes,"Distances to ports on the River Elbe are measured: in Germany – from the Czech/German State border starting from 0.0 km; in the Czech Republic – from the German/Czech State border starting from 726.15 km to avoid duplication of distances in the two c","Les distances relatives aux ports situés sur l’Elbe sont mesurées de la manière suivante: en Allemagne à partir de la frontière germano-tchèque en commençant à 0,0 km; en République tchèque à partir de la frontière germano-tchèque en comm",DEBUZ,"659","659"
P 20-04,Germany,E 20,"Hamburg (Elbe, 618.0–639.0 km)","Hamburg (Elbe, 618,0–639,0 km)",>10 Mt,Available,Available,Available,Available,No,"Distances to ports on the River Elbe are measured: in Germany – from the Czech/German State border starting from 0.0 km; in the Czech Republic – from the German/Czech State border starting from 726.15 km to avoid duplication of distances in the two c","Les distances relatives aux ports situés sur l’Elbe sont mesurées de la manière suivante: en Allemagne à partir de la frontière germano-tchèque en commençant à 0,0 km; en République tchèque à partir de la frontière germano-tchèque en comm",DEHAM,"662","662"
P 20-05,Germany,E 20,"Lauenburg (Elbe, 568.0 km)","Lauenburg (Elbe, 568,0 km)",0.5-3 Mt,Not available,Not available,Not available,Not available,No,"Distances to ports on the River Elbe are measured: in Germany – from the Czech/German State border starting from 0.0 km; in the Czech Republic – from the German/Czech State border starting from 726.15 km to avoid duplication of distances in the two c","Les distances relatives aux ports situés sur l’Elbe sont mesurées de la manière suivante: en Allemagne à partir de la frontière germano-tchèque en commençant à 0,0 km; en République tchèque à partir de la frontière germano-tchèque en comm",DELNU,"669","669"
P 20-06,Germany,E 20,"Tangermünde (Elbe, 388.0 km)","Tangermünde (Elbe, 388,0 km)",No information,Not available,Not available,Not available,Not available,No,"Distances to ports on the River Elbe are measured: in Germany – from the Czech/German State border starting from 0.0 km; in the Czech Republic – from the German/Czech State border starting from 726.15 km to avoid duplication of distances in the two c","Les distances relatives aux ports situés sur l’Elbe sont mesurées de la manière suivante: en Allemagne à partir de la frontière germano-tchèque en commençant à 0,0 km; en République tchèque à partir de la frontière germano-tchèque en comm",,"596","596"
P 20-07,Germany,E 20,"Kieswerk Rogätz (Elbe, 354.0 km)","Kieswerk Rogätz (Elbe, 354,0 km)",0.5-3 Mt,Not available,Not available,Not available,Available,Yes,"Distances to ports on the River Elbe are measured: in Germany – from the Czech/German State border starting from 0.0 km; in the Czech Republic – from the German/Czech State border starting from 726.15 km to avoid duplication of distances","Les distances relatives aux ports situés sur l’Elbe sont mesurées de la manière suivante: en Allemagne à partir de la frontière germano-tchèque en commençant à 0,0 km",,"639","639"
P 20-09,Germany,E 20,"Schönebeck (Elbe, 315.0 km)","Schönebeck (Elbe, 315,0km)",0.5-3 Mt,Not available,Not available,Not available,Not available,No,"Distances to ports on the River Elbe are measured: in Germany – from the Czech/German State border starting from 0.0 km; in the Czech Republic – from the German/Czech State border starting from 726.15 km to avoid duplication of distances in the two c","Les distances relatives aux ports situés sur l’Elbe sont mesurées de la manière suivante: en Allemagne à partir de la frontière germano-tchèque en commençant à 0,0 km; en République tchèque à partir de la frontière germano-tchèque en comm",,"636","636"
P 20-10,Germany,E 20,"Aken (Elbe, 277.0 km)","Aken (Elbe, 277,0 km)",No information,Not available,Not available,Not available,Not available,No,"Distances to ports on the River Elbe are measured: in Germany – from the Czech/German State border starting from 0.0 km; in the Czech Republic – from the German/Czech State border starting from 726.15 km to avoid duplication of distances in the two c","Les distances relatives aux ports situés sur l’Elbe sont mesurées de la manière suivante: en Allemagne à partir de la frontière germano-tchèque en commençant à 0,0 km; en République tchèque à partir de la frontière germano-tchèque en comm",,"635","635"
P 20-11,Germany,E 20,"Torgau (Elbe, 154.0 km)","Torgau (Elbe, 154,0 km)",No information,Not available,Not available,Not available,Not available,No,"Distances to ports on the River Elbe are measured: in Germany – from the Czech/German State border starting from 0.0 km; in the Czech Republic – from the German/Czech State border starting from 726.15 km to avoid duplication of distances in the two c","Les distances relatives aux ports situés sur l’Elbe sont mesurées de la manière suivante: en Allemagne à partir de la frontière germano-tchèque en commençant à 0,0 km; en République tchèque à partir de la frontière germano-tchèque en comm",,"625","625"
P 20-13,Germany,E 20,"Riesa (Elbe, 109.0 km)","Riesa (Elbe, 109,0 km)",No information,Not available,Not available,Not available,Not available,No,"Distances to ports on the River Elbe are measured: in Germany – from the Czech/German State border starting from 0.0 km; in the Czech Republic – from the German/Czech State border starting from 726.15 km to avoid duplication of distances in the two c","Les distances relatives aux ports situés sur l’Elbe sont mesurées de la manière suivante: en Allemagne à partir de la frontière germano-tchèque en commençant à 0,0 km; en République tchèque à partir de la frontière germano-tchèque en comm",,"623","623"
P 20-14,Germany,E 20,"Dresden (Elbe, 57.0 and 61.0 km)","Dresden (Elbe, 57,0 et 61,0 km)",No information,Not available,Not available,Not available,Not available,No,"Distances to ports on the River Elbe are measured: in Germany – from the Czech/German State border starting from 0.0 km; in the Czech Republic – from the German/Czech State border starting from 726.15 km to avoid duplication of distances in the two c","Les distances relatives aux ports situés sur l’Elbe sont mesurées de la manière suivante: en Allemagne à partir de la frontière germano-tchèque en commençant à 0,0 km; en République tchèque à partir de la frontière germano-tchèque en comm",DEDRS,"619","619"
P 20-15,Czech Republic,E 20,"Decín (Elbe, 737.3 and 739.3 km)","Decín (Elbe, 737,3 et 739,3 km)",0.5-3 Mt,Available,Available,Not available,Available,No,"Bulk cargoes. Distances to ports on the River Elbe are measured: in Germany – from the Czech/German State border starting from 0.0 km; in the Czech Republic – from the German/Czech State border starting from 726.15 km to avoid duplication of distance","Marchandises en vrac. Les distances relatives aux ports situés sur l’Elbe sont mesurées de la manière suivante: en Allemagne à partir de la frontière germano-tchèque en commençant à 0,0 km; en République tchèque à partir de la frontière ge",,"618","618"
P 20-16,Czech Republic,E 20,"Ústí nad Labem (Elbe, 761.5 and 764.0 km)","Ústí nad Labem (Elbe, 761,5 et 764,0 km)",0.5-3 Mt,Available,Available,Not available,Available,No,"Bulk cargoes. Distances to ports on the River Elbe are measured: in Germany – from the Czech/German State border starting from 0.0 km; in the Czech Republic – from the German/Czech State border starting from 726.15 km to avoid duplication of distance","Marchandises en vrac. Les distances relatives aux ports situés sur l’Elbe sont mesurées de la manière suivante: en Allemagne à partir de la frontière germano-tchèque en commençant à 0,0 km; en République tchèque à partir de la frontière ge",CZULN,"614","614"
P 20-17,Czech Republic,E 20,"Melník (Elbe, 834.4 km)","Melník (Elbe, 834,4 km)",0.5-3 Mt,Available,Available,Available,Available,No,"Bulk cargoes. Distances to ports on the River Elbe are measured: in Germany – from the Czech/German State border starting from 0.0 km; in the Czech Republic – from the German/Czech State border starting from 726.15 km to avoid duplication of distance","Marchandises en vrac. Les distances relatives aux ports situés sur l’Elbe sont mesurées de la manière suivante: en Allemagne à partir de la frontière germano-tchèque en commençant à 0,0 km; en République tchèque à partir de la frontière ge",,"615","615"
P 20-18,Czech Republic,E 20,"Týnec nad Labem (Elbe, 933.7 km)","Týnec nad Labem (Elbe, 933,7 km)",0.5-3 Mt,Not available,Not available,Available,Not available,No,"Distances to ports on the River Elbe are measured: in Germany – from the Czech/German State border starting from 0.0 km; in the Czech Republic – from the German/Czech State border starting from 726.15 km to avoid duplication of distances in the two c","Les distances relatives aux ports situés sur l’Elbe sont mesurées de la manière suivante: en Allemagne à partir de la frontière germano-tchèque en commençant à 0,0 km; en République tchèque à partir de la frontière germano-tchèque en comm",,"607","607"
